{
  "clean": {
    "precision": 0.9402985074626866,
    "recall": 0.875,
    "f1-score": 0.9064748201438849,
    "support": 504.0
  },
  "casino_betting": {
    "precision": 0.9803921568627451,
    "recall": 0.9803921568627451,
    "f1-score": 0.9803921568627451,
    "support": 51.0
  },
  "pyramid_investment": {
    "precision": 0.8041237113402062,
    "recall": 0.9811320754716981,
    "f1-score": 0.8838526912181303,
    "support": 159.0
  },
  "referral_network": {
    "precision": 0.8983050847457628,
    "recall": 0.9636363636363636,
    "f1-score": 0.9298245614035088,
    "support": 55.0
  },
  "urgency_pressure": {
    "precision": 1.0,
    "recall": 1.0,
    "f1-score": 1.0,
    "support": 21.0
  },
  "hidden_engagement": {
    "precision": 0.9109792284866469,
    "recall": 0.9002932551319648,
    "f1-score": 0.9056047197640118,
    "support": 341.0
  },
  "accuracy": 0.9089301503094607,
  "macro avg": {
    "precision": 0.9223497814830078,
    "recall": 0.950075641850462,
    "f1-score": 0.9343581582320469,
    "support": 1131.0
  },
  "weighted avg": {
    "precision": 0.9131890490179048,
    "recall": 0.9089301503094607,
    "f1-score": 0.9092373541758813,
    "support": 1131.0
  }
}