{
  "clean": {
    "precision": 0.9547244094488189,
    "recall": 0.9133709981167608,
    "f1-score": 0.933589990375361,
    "support": 531.0
  },
  "casino_betting": {
    "precision": 0.9622641509433962,
    "recall": 1.0,
    "f1-score": 0.9807692307692307,
    "support": 51.0
  },
  "pyramid_investment": {
    "precision": 0.8041237113402062,
    "recall": 0.9811320754716981,
    "f1-score": 0.8838526912181303,
    "support": 159.0
  },
  "referral_network": {
    "precision": 1.0,
    "recall": 1.0,
    "f1-score": 1.0,
    "support": 55.0
  },
  "urgency_pressure": {
    "precision": 1.0,
    "recall": 1.0,
    "f1-score": 1.0,
    "support": 21.0
  },
  "hidden_engagement": {
    "precision": 0.8961038961038961,
    "recall": 0.7582417582417582,
    "f1-score": 0.8214285714285714,
    "support": 91.0
  },
  "accuracy": 0.9218061674008811,
  "macro avg": {
    "precision": 0.9362026946393862,
    "recall": 0.9421241386383695,
    "f1-score": 0.936606747298549,
    "support": 908.0
  },
  "weighted avg": {
    "precision": 0.9266908125154002,
    "recall": 0.9218061674008811,
    "f1-score": 0.9218481206632491,
    "support": 908.0
  }
}